date,category,subcategory,content
2024-06-01,Marketing,Social Media Marketing,"The marketing team launched a social media campaign on June 1st to promote brand awareness and engage with the audience. The campaign included posts, stories, and interactive content."
2024-06-02,Marketing,Social Media Marketing,June 2nd marked the start of a social media contest to encourage user-generated content and participation. The contest offered prizes for the best entries and increased engagement.
2024-06-03,Marketing,Social Media Marketing,"An influencer collaboration campaign was initiated on June 3rd, partnering with social media influencers to promote products and services. The campaign leveraged influencers' reach and credibility to expand brand visibility."
2024-06-04,Marketing,Social Media Marketing,"The marketing team launched a social media ad campaign on June 4th to target specific demographics and interests. The campaign aimed to drive traffic, conversions, and sales."
2024-06-05,Marketing,Social Media Marketing,A live streaming event was organized on June 5th to engage with the audience in real-time and showcase products or services. The event generated excitement and interaction.
2024-06-06,Marketing,Social Media Marketing,"June 6th marked the launch of a social media influencer takeover, where influencers took control of the company's social media accounts for a day. The takeover increased reach and engagement."
2024-06-07,Marketing,Social Media Marketing,"The marketing team introduced a social media listening campaign on June 7th to monitor conversations, trends, and sentiments related to the brand. The insights gathered informed future marketing strategies."
2024-06-08,Marketing,Social Media Marketing,A hashtag campaign was launched on June 8th to encourage user-generated content and engagement. The campaign encouraged users to share their experiences and stories using a branded hashtag.
2024-06-09,Marketing,Social Media Marketing,June 9th saw the release of a series of social media tutorials and tips to help users optimize their presence and engagement on various platforms. The tutorials provided practical guidance and best practices.
2024-06-10,Marketing,Social Media Marketing,"The marketing team launched a social media giveaway contest on June 10th, offering prizes and incentives for users who engaged with the brand on social media. The contest increased followers and engagement."
2024-06-11,Marketing,Social Media Marketing,An interactive quiz was introduced on June 11th to engage with the audience and collect valuable data. The quiz encouraged users to participate and share their results on social media.
2024-06-12,Marketing,Social Media Marketing,"June 12th marked the start of a social media takeover event, where employees shared behind-the-scenes insights and stories on the company's social media channels. The event humanized the brand and increased engagement."
2024-06-13,Marketing,Social Media Marketing,A user-generated content campaign was launched on June 13th to showcase customer experiences and testimonials. The campaign encouraged users to share their stories and photos using a branded hashtag.
2024-06-14,Marketing,Social Media Marketing,The marketing team introduced a social media engagement challenge on June 14th to encourage users to interact with the brand and each other. The challenge included daily prompts and activities.
2024-06-15,Marketing,Social Media Marketing,"A social media advertising campaign was launched on June 15th to promote a new product or service. The campaign targeted specific demographics, interests, and behaviors to maximize effectiveness."
2024-06-16,Marketing,Social Media Marketing,"June 16th saw the release of a series of social media stories or reels showcasing product demonstrations, tutorials, or behind-the-scenes glimpses. The stories provided engaging and shareable content for followers."
2024-06-17,Marketing,Social Media Marketing,"The marketing team organized a social media live Q&A session on June 17th, allowing followers to ask questions and interact with experts or influencers. The session provided valuable insights and engagement."
2024-06-18,Marketing,Social Media Marketing,"A social media content calendar was introduced on June 18th, outlining upcoming posts, themes, and campaigns. The calendar ensured consistency and alignment with marketing objectives."
2024-06-19,Marketing,Social Media Marketing,"June 19th marked the start of a social media influencer campaign, where influencers promoted the brand's products or services to their followers. The campaign leveraged influencers' credibility and authenticity."
2024-06-20,Marketing,Social Media Marketing,"The marketing team launched a social media hashtag challenge on June 20th, inviting users to participate in fun and creative challenges related to the brand. The challenge encouraged user-generated content and engagement."
2024-06-21,Marketing,Social Media Marketing,"An employee spotlight series was introduced on June 21st, featuring interviews and stories about employees on the company's social media channels. The series humanized the brand and increased employee engagement."
2024-06-22,Marketing,Social Media Marketing,June 22nd saw the launch of a social media poll or survey to gather feedback and preferences from followers. The poll provided valuable insights for product development and marketing strategies.
2024-06-23,Marketing,Social Media Marketing,"A social media takeover event was organized on June 23rd, where a guest influencer or expert took control of the company's social media channels for a day. The takeover increased reach and engagement."
2024-06-24,Marketing,Social Media Marketing,"The marketing team introduced a social media contest on June 24th, inviting users to submit photos, videos, or stories related to the brand. The contest encouraged user-generated content and engagement."
2024-06-25,Marketing,Social Media Marketing,"June 25th marked the start of a social media giveaway campaign, offering prizes and incentives for users who engaged with the brand on social media. The campaign increased followers and engagement."
2024-06-26,Marketing,Social Media Marketing,"A social media listening campaign was launched on June 26th to monitor conversations, trends, and sentiments related to the brand. The insights gathered informed future marketing strategies and content creation."
2024-06-27,Marketing,Social Media Marketing,"An influencer collaboration campaign was initiated on June 27th, partnering with social media influencers to promote products or services. The campaign leveraged influencers' reach and authenticity to expand brand visibility."
2024-06-28,Marketing,Social Media Marketing,June 28th saw the release of a series of social media tutorials providing tips and best practices for optimizing engagement and reach. The tutorials provided practical guidance for users.
2024-06-29,Marketing,Social Media Marketing,"The marketing team launched a social media ad campaign on June 29th to target specific demographics and interests. The campaign aimed to drive traffic, conversions, and sales through targeted advertising."
2024-06-30,Marketing,Social Media Marketing,A live streaming event was organized on June 30th to engage with the audience in real-time and showcase products or services. The event generated excitement and interaction among followers.
